Bug_ID,Video_Link
564885,https://bugzilla.mozilla.org/attachment.cgi?id=444468
571512,https://bugzilla.mozilla.org/attachment.cgi?id=450670
574476,https://bugzilla.mozilla.org/attachment.cgi?id=8776185
610545,https://bugzilla.mozilla.org/attachment.cgi?id=8399789
622096,https://bugzilla.mozilla.org/attachment.cgi?id=511278
649749,https://bugzilla.mozilla.org/attachment.cgi?id=525758
654602,https://bugzilla.mozilla.org/attachment.cgi?id=529874
654602,https://bugzilla.mozilla.org/attachment.cgi?id=529879
659931,https://bugzilla.mozilla.org/attachment.cgi?id=535336
659931,https://bugzilla.mozilla.org/attachment.cgi?id=538484
672037,https://bugzilla.mozilla.org/attachment.cgi?id=546319
684133,https://bugzilla.mozilla.org/attachment.cgi?id=557739
716171,https://bugzilla.mozilla.org/attachment.cgi?id=586778
738401,https://bugzilla.mozilla.org/attachment.cgi?id=608425
770433,https://bugzilla.mozilla.org/attachment.cgi?id=643571
780826,https://bugzilla.mozilla.org/attachment.cgi?id=649553
780826,https://bugzilla.mozilla.org/attachment.cgi?id=651216
784066,https://bugzilla.mozilla.org/attachment.cgi?id=653414
893446,https://bugzilla.mozilla.org/attachment.cgi?id=777525
941422,https://bugzilla.mozilla.org/attachment.cgi?id=8335893
955983,https://bugzilla.mozilla.org/attachment.cgi?id=8821802
994562,https://bugzilla.mozilla.org/attachment.cgi?id=8408972
994562,https://bugzilla.mozilla.org/attachment.cgi?id=8408975
1006470,https://bugzilla.mozilla.org/attachment.cgi?id=8417978
1006516,https://bugzilla.mozilla.org/attachment.cgi?id=8418020
1009285,https://bugzilla.mozilla.org/attachment.cgi?id=8587836
1013234,https://bugzilla.mozilla.org/attachment.cgi?id=8451268
1019483,https://bugzilla.mozilla.org/attachment.cgi?id=8806607
1019483,https://bugzilla.mozilla.org/attachment.cgi?id=8806645
1051047,https://bugzilla.mozilla.org/attachment.cgi?id=8470277
1056041,https://bugzilla.mozilla.org/attachment.cgi?id=8475877
1066358,https://bugzilla.mozilla.org/attachment.cgi?id=8493001
1077962,https://bugzilla.mozilla.org/attachment.cgi?id=8500103
1079682,https://bugzilla.mozilla.org/attachment.cgi?id=8501548
1088000,https://bugzilla.mozilla.org/attachment.cgi?id=8516381
1092720,https://bugzilla.mozilla.org/attachment.cgi?id=8516314
1095545,https://bugzilla.mozilla.org/attachment.cgi?id=8518979
1109868,https://bugzilla.mozilla.org/attachment.cgi?id=8812679
1150225,https://bugzilla.mozilla.org/attachment.cgi?id=8587013
1150229,https://bugzilla.mozilla.org/attachment.cgi?id=8587019
1164518,https://bugzilla.mozilla.org/attachment.cgi?id=8608606
1164518,https://bugzilla.mozilla.org/attachment.cgi?id=8608609
1167999,https://bugzilla.mozilla.org/attachment.cgi?id=8614568
1167999,https://bugzilla.mozilla.org/attachment.cgi?id=8615128
1177705,https://bugzilla.mozilla.org/attachment.cgi?id=8626522
1177961,https://bugzilla.mozilla.org/attachment.cgi?id=8626860
1178055,https://bugzilla.mozilla.org/attachment.cgi?id=8626951
1183003,https://bugzilla.mozilla.org/attachment.cgi?id=8632677
1183003,https://bugzilla.mozilla.org/attachment.cgi?id=8675474
1184790,https://bugzilla.mozilla.org/attachment.cgi?id=8635038
1187296,https://bugzilla.mozilla.org/attachment.cgi?id=8750219
1187296,https://bugzilla.mozilla.org/attachment.cgi?id=8750279
1195955,https://bugzilla.mozilla.org/attachment.cgi?id=8649427
1197503,https://bugzilla.mozilla.org/attachment.cgi?id=8651391
1197503,https://bugzilla.mozilla.org/attachment.cgi?id=8651430
1197598,https://bugzilla.mozilla.org/attachment.cgi?id=8651510
1199207,https://bugzilla.mozilla.org/attachment.cgi?id=8653474
1199207,https://bugzilla.mozilla.org/attachment.cgi?id=8653475
1199317,https://bugzilla.mozilla.org/attachment.cgi?id=8653576
1200022,https://bugzilla.mozilla.org/attachment.cgi?id=8654608
1200067,https://bugzilla.mozilla.org/attachment.cgi?id=8654670
1202411,https://bugzilla.mozilla.org/attachment.cgi?id=8657793
1202798,https://bugzilla.mozilla.org/attachment.cgi?id=8658318
1204215,https://bugzilla.mozilla.org/attachment.cgi?id=8672178
1204215,https://bugzilla.mozilla.org/attachment.cgi?id=8672179
1206350,https://bugzilla.mozilla.org/attachment.cgi?id=8663749
1216517,https://bugzilla.mozilla.org/attachment.cgi?id=8676225
1219495,https://bugzilla.mozilla.org/attachment.cgi?id=8680343
1228004,https://bugzilla.mozilla.org/attachment.cgi?id=8692516
1228004,https://bugzilla.mozilla.org/attachment.cgi?id=8692517
1228323,https://bugzilla.mozilla.org/attachment.cgi?id=8692507
1230792,https://bugzilla.mozilla.org/attachment.cgi?id=8696309
1232769,https://bugzilla.mozilla.org/attachment.cgi?id=8698572
1236458,https://bugzilla.mozilla.org/attachment.cgi?id=8703549
1238214,https://bugzilla.mozilla.org/attachment.cgi?id=8705924
1238216,https://bugzilla.mozilla.org/attachment.cgi?id=8705929
1244648,https://bugzilla.mozilla.org/attachment.cgi?id=8714253
1248427,https://bugzilla.mozilla.org/attachment.cgi?id=8719518
1255255,https://bugzilla.mozilla.org/attachment.cgi?id=8728753
1255274,https://bugzilla.mozilla.org/attachment.cgi?id=8728784
1255704,https://bugzilla.mozilla.org/attachment.cgi?id=8729353
1257886,https://bugzilla.mozilla.org/attachment.cgi?id=8733370
1257886,https://bugzilla.mozilla.org/attachment.cgi?id=8733374
1257886,https://bugzilla.mozilla.org/attachment.cgi?id=8733414
1258765,https://bugzilla.mozilla.org/attachment.cgi?id=8733466
1263394,https://bugzilla.mozilla.org/attachment.cgi?id=8739694
1263396,https://bugzilla.mozilla.org/attachment.cgi?id=8739693
1266381,https://bugzilla.mozilla.org/attachment.cgi?id=8743810
1268344,https://bugzilla.mozilla.org/attachment.cgi?id=8746364
1270297,https://bugzilla.mozilla.org/attachment.cgi?id=8748916
1270297,https://bugzilla.mozilla.org/attachment.cgi?id=8749070
1270722,https://bugzilla.mozilla.org/attachment.cgi?id=8749531
1273112,https://bugzilla.mozilla.org/attachment.cgi?id=9131438
1273536,https://bugzilla.mozilla.org/attachment.cgi?id=8753870
1279652,https://bugzilla.mozilla.org/attachment.cgi?id=8793333
1279652,https://bugzilla.mozilla.org/attachment.cgi?id=8802078
1279695,https://bugzilla.mozilla.org/attachment.cgi?id=8792865
1279708,https://bugzilla.mozilla.org/attachment.cgi?id=8792879
1279922,https://bugzilla.mozilla.org/attachment.cgi?id=8762550
1281783,https://bugzilla.mozilla.org/attachment.cgi?id=8764596
1283042,https://bugzilla.mozilla.org/attachment.cgi?id=8766230
1285543,https://bugzilla.mozilla.org/attachment.cgi?id=8769185
1285544,https://bugzilla.mozilla.org/attachment.cgi?id=8769186
1285545,https://bugzilla.mozilla.org/attachment.cgi?id=8769187
1285547,https://bugzilla.mozilla.org/attachment.cgi?id=8769190
1288727,https://bugzilla.mozilla.org/attachment.cgi?id=8773755
1291683,https://bugzilla.mozilla.org/attachment.cgi?id=8777311
1291701,https://bugzilla.mozilla.org/attachment.cgi?id=8777324
1298438,https://bugzilla.mozilla.org/attachment.cgi?id=8791630
1298653,https://bugzilla.mozilla.org/attachment.cgi?id=8785643
1301939,https://bugzilla.mozilla.org/attachment.cgi?id=8790075
1301941,https://bugzilla.mozilla.org/attachment.cgi?id=8790076
1302161,https://bugzilla.mozilla.org/attachment.cgi?id=8790355
1302472,https://bugzilla.mozilla.org/attachment.cgi?id=8791678
1302472,https://bugzilla.mozilla.org/attachment.cgi?id=8791806
1303274,https://bugzilla.mozilla.org/attachment.cgi?id=8791885
1303874,https://bugzilla.mozilla.org/attachment.cgi?id=8793293
1303874,https://bugzilla.mozilla.org/attachment.cgi?id=8793294
1304313,https://bugzilla.mozilla.org/attachment.cgi?id=8793226
1305071,https://bugzilla.mozilla.org/attachment.cgi?id=8794228
1305194,https://bugzilla.mozilla.org/attachment.cgi?id=8810820
1305530,https://bugzilla.mozilla.org/attachment.cgi?id=8808501
1306234,https://bugzilla.mozilla.org/attachment.cgi?id=8796064
1306295,https://bugzilla.mozilla.org/attachment.cgi?id=8796169
1306297,https://bugzilla.mozilla.org/attachment.cgi?id=8796171
1306298,https://bugzilla.mozilla.org/attachment.cgi?id=8796289
1306299,https://bugzilla.mozilla.org/attachment.cgi?id=8796173
1306599,https://bugzilla.mozilla.org/attachment.cgi?id=8796531
1308187,https://bugzilla.mozilla.org/attachment.cgi?id=8798418
1309775,https://bugzilla.mozilla.org/attachment.cgi?id=8800512
1310161,https://bugzilla.mozilla.org/attachment.cgi?id=8801073
1310613,https://bugzilla.mozilla.org/attachment.cgi?id=8801658
1311320,https://bugzilla.mozilla.org/attachment.cgi?id=8802468
1311663,https://bugzilla.mozilla.org/attachment.cgi?id=8802873
1312008,https://bugzilla.mozilla.org/attachment.cgi?id=8803356
1313298,https://bugzilla.mozilla.org/attachment.cgi?id=8973823
1314315,https://bugzilla.mozilla.org/attachment.cgi?id=8806380
1321416,https://bugzilla.mozilla.org/attachment.cgi?id=8815915
1322285,https://bugzilla.mozilla.org/attachment.cgi?id=8817048
1324918,https://bugzilla.mozilla.org/attachment.cgi?id=8820426
1324918,https://bugzilla.mozilla.org/attachment.cgi?id=8820862
1325591,https://bugzilla.mozilla.org/attachment.cgi?id=8828813
1326104,https://bugzilla.mozilla.org/attachment.cgi?id=8822260
1327493,https://bugzilla.mozilla.org/attachment.cgi?id=8822982
1327830,https://bugzilla.mozilla.org/attachment.cgi?id=8822997
1328061,https://bugzilla.mozilla.org/attachment.cgi?id=8823024
1328061,https://bugzilla.mozilla.org/attachment.cgi?id=8823724
1329333,https://bugzilla.mozilla.org/attachment.cgi?id=9094139
1329631,https://bugzilla.mozilla.org/attachment.cgi?id=8825009
1330953,https://bugzilla.mozilla.org/attachment.cgi?id=8826569
1331655,https://bugzilla.mozilla.org/attachment.cgi?id=8827495
1331934,https://bugzilla.mozilla.org/attachment.cgi?id=8827894
1331979,https://bugzilla.mozilla.org/attachment.cgi?id=8827964
1332306,https://bugzilla.mozilla.org/attachment.cgi?id=8828350
1332306,https://bugzilla.mozilla.org/attachment.cgi?id=8830637
1332757,https://bugzilla.mozilla.org/attachment.cgi?id=8828983
1332757,https://bugzilla.mozilla.org/attachment.cgi?id=8828984
1332943,https://bugzilla.mozilla.org/attachment.cgi?id=8829263
1334213,https://bugzilla.mozilla.org/attachment.cgi?id=8830836
1335332,https://bugzilla.mozilla.org/attachment.cgi?id=8832345
1335722,https://bugzilla.mozilla.org/attachment.cgi?id=8832455
1335724,https://bugzilla.mozilla.org/attachment.cgi?id=8832456
1344530,https://bugzilla.mozilla.org/attachment.cgi?id=8843674
1349094,https://bugzilla.mozilla.org/attachment.cgi?id=8849657
1352075,https://bugzilla.mozilla.org/attachment.cgi?id=8852934
1352075,https://bugzilla.mozilla.org/attachment.cgi?id=8852935
1352075,https://bugzilla.mozilla.org/attachment.cgi?id=8852936
1352075,https://bugzilla.mozilla.org/attachment.cgi?id=8852937
1352075,https://bugzilla.mozilla.org/attachment.cgi?id=8857004
1363621,https://bugzilla.mozilla.org/attachment.cgi?id=8866180
1365875,https://bugzilla.mozilla.org/attachment.cgi?id=8868929
1368074,https://bugzilla.mozilla.org/attachment.cgi?id=8871773
1376390,https://bugzilla.mozilla.org/attachment.cgi?id=8881340
1378754,https://bugzilla.mozilla.org/attachment.cgi?id=8890879
1380246,https://bugzilla.mozilla.org/attachment.cgi?id=8886063
1380740,https://bugzilla.mozilla.org/attachment.cgi?id=8886272
1385901,https://bugzilla.mozilla.org/attachment.cgi?id=8892023
1388192,https://bugzilla.mozilla.org/attachment.cgi?id=8894666
1388192,https://bugzilla.mozilla.org/attachment.cgi?id=8895140
1389559,https://bugzilla.mozilla.org/attachment.cgi?id=8896380
1403417,https://bugzilla.mozilla.org/attachment.cgi?id=8912491
1403563,https://bugzilla.mozilla.org/attachment.cgi?id=8913420
1405809,https://bugzilla.mozilla.org/attachment.cgi?id=8916775
1409347,https://bugzilla.mozilla.org/attachment.cgi?id=8935292
1417204,https://bugzilla.mozilla.org/attachment.cgi?id=8934682
1419683,https://bugzilla.mozilla.org/attachment.cgi?id=8982512
1423516,https://bugzilla.mozilla.org/attachment.cgi?id=8934915
1423516,https://bugzilla.mozilla.org/attachment.cgi?id=8934955
1423516,https://bugzilla.mozilla.org/attachment.cgi?id=9156625
1425252,https://bugzilla.mozilla.org/attachment.cgi?id=9154133
1426652,https://bugzilla.mozilla.org/attachment.cgi?id=8938337
1426657,https://bugzilla.mozilla.org/attachment.cgi?id=8938341
1428518,https://bugzilla.mozilla.org/attachment.cgi?id=8940396
1428602,https://bugzilla.mozilla.org/attachment.cgi?id=8940492
1429324,https://bugzilla.mozilla.org/attachment.cgi?id=8941357
1433791,https://bugzilla.mozilla.org/attachment.cgi?id=8946150
1435589,https://bugzilla.mozilla.org/attachment.cgi?id=8948202
1439023,https://bugzilla.mozilla.org/attachment.cgi?id=8951791
1441841,https://bugzilla.mozilla.org/attachment.cgi?id=9041787
1465412,https://bugzilla.mozilla.org/attachment.cgi?id=8981831
1465413,https://bugzilla.mozilla.org/attachment.cgi?id=8981832
1474736,https://bugzilla.mozilla.org/attachment.cgi?id=8991129
1474743,https://bugzilla.mozilla.org/attachment.cgi?id=8992099
1478417,https://bugzilla.mozilla.org/attachment.cgi?id=8994897
1478633,https://bugzilla.mozilla.org/attachment.cgi?id=8995162
1480158,https://bugzilla.mozilla.org/attachment.cgi?id=8996784
1482480,https://bugzilla.mozilla.org/attachment.cgi?id=8999258
1483889,https://bugzilla.mozilla.org/attachment.cgi?id=9001618
1484176,https://bugzilla.mozilla.org/attachment.cgi?id=9007822
1485145,https://bugzilla.mozilla.org/attachment.cgi?id=9002910
1485145,https://bugzilla.mozilla.org/attachment.cgi?id=9002911
1486636,https://bugzilla.mozilla.org/attachment.cgi?id=9004387
1489940,https://bugzilla.mozilla.org/attachment.cgi?id=9007673
1490919,https://bugzilla.mozilla.org/attachment.cgi?id=9008637
1496429,https://bugzilla.mozilla.org/attachment.cgi?id=9014401
1497794,https://bugzilla.mozilla.org/attachment.cgi?id=9015788
1498075,https://bugzilla.mozilla.org/attachment.cgi?id=9016134
1498075,https://bugzilla.mozilla.org/attachment.cgi?id=9016135
1498678,https://bugzilla.mozilla.org/attachment.cgi?id=9016871
1501242,https://bugzilla.mozilla.org/attachment.cgi?id=9019323
1504547,https://bugzilla.mozilla.org/attachment.cgi?id=9024274
1504547,https://bugzilla.mozilla.org/attachment.cgi?id=9024275
1506678,https://bugzilla.mozilla.org/attachment.cgi?id=9024544
1515913,https://bugzilla.mozilla.org/attachment.cgi?id=9038203
1518086,https://bugzilla.mozilla.org/attachment.cgi?id=9034667
1519062,https://bugzilla.mozilla.org/attachment.cgi?id=9036106
1519616,https://bugzilla.mozilla.org/attachment.cgi?id=9036107
1520173,https://bugzilla.mozilla.org/attachment.cgi?id=9036583
1522078,https://bugzilla.mozilla.org/attachment.cgi?id=9038481
1524679,https://bugzilla.mozilla.org/attachment.cgi?id=9041922
1525293,https://bugzilla.mozilla.org/attachment.cgi?id=9041477
1527301,https://bugzilla.mozilla.org/attachment.cgi?id=9043258
1530949,https://bugzilla.mozilla.org/attachment.cgi?id=9047002
1530949,https://bugzilla.mozilla.org/attachment.cgi?id=9047317
1531410,https://bugzilla.mozilla.org/attachment.cgi?id=9047435
1534986,https://bugzilla.mozilla.org/attachment.cgi?id=9093574
1536549,https://bugzilla.mozilla.org/attachment.cgi?id=9052094
1538460,https://bugzilla.mozilla.org/attachment.cgi?id=9053597
1538528,https://bugzilla.mozilla.org/attachment.cgi?id=9053120
1539088,https://bugzilla.mozilla.org/attachment.cgi?id=9053533
1540727,https://bugzilla.mozilla.org/attachment.cgi?id=9122378
1543027,https://bugzilla.mozilla.org/attachment.cgi?id=9093014
1543414,https://bugzilla.mozilla.org/attachment.cgi?id=9059240
1543805,https://bugzilla.mozilla.org/attachment.cgi?id=9093525
1543805,https://bugzilla.mozilla.org/attachment.cgi?id=9124296
1543805,https://bugzilla.mozilla.org/attachment.cgi?id=9127539
1543805,https://bugzilla.mozilla.org/attachment.cgi?id=9127541
1544570,https://bugzilla.mozilla.org/attachment.cgi?id=9058415
1546326,https://bugzilla.mozilla.org/attachment.cgi?id=9060038
1546362,https://bugzilla.mozilla.org/attachment.cgi?id=9093612
1549096,https://bugzilla.mozilla.org/attachment.cgi?id=9062728
1549442,https://bugzilla.mozilla.org/attachment.cgi?id=9079604
1549542,https://bugzilla.mozilla.org/attachment.cgi?id=9093526
1554153,https://bugzilla.mozilla.org/attachment.cgi?id=9067326
1554458,https://bugzilla.mozilla.org/attachment.cgi?id=9086056
1554996,https://bugzilla.mozilla.org/attachment.cgi?id=9068034
1555124,https://bugzilla.mozilla.org/attachment.cgi?id=9068155
1557994,https://bugzilla.mozilla.org/attachment.cgi?id=9070817
1557994,https://bugzilla.mozilla.org/attachment.cgi?id=9076518
1559086,https://bugzilla.mozilla.org/attachment.cgi?id=9071830
1559086,https://bugzilla.mozilla.org/attachment.cgi?id=9072772
1560042,https://bugzilla.mozilla.org/attachment.cgi?id=9088066
1561647,https://bugzilla.mozilla.org/attachment.cgi?id=9074252
1564074,https://bugzilla.mozilla.org/attachment.cgi?id=9076489
1565527,https://bugzilla.mozilla.org/attachment.cgi?id=9077646
1566847,https://bugzilla.mozilla.org/attachment.cgi?id=9078713
1568216,https://bugzilla.mozilla.org/attachment.cgi?id=9080007
1570638,https://bugzilla.mozilla.org/attachment.cgi?id=9082234
1571465,https://bugzilla.mozilla.org/attachment.cgi?id=9083037
1571700,https://bugzilla.mozilla.org/attachment.cgi?id=9083318
1576148,https://bugzilla.mozilla.org/attachment.cgi?id=9087705
1576199,https://bugzilla.mozilla.org/attachment.cgi?id=9087772
1577453,https://bugzilla.mozilla.org/attachment.cgi?id=9089017
1581063,https://bugzilla.mozilla.org/attachment.cgi?id=9092601
1582163,https://bugzilla.mozilla.org/attachment.cgi?id=9093605
1582171,https://bugzilla.mozilla.org/attachment.cgi?id=9093609
1582178,https://bugzilla.mozilla.org/attachment.cgi?id=9093614
1582378,https://bugzilla.mozilla.org/attachment.cgi?id=9093830
1583150,https://bugzilla.mozilla.org/attachment.cgi?id=9094541
1583266,https://bugzilla.mozilla.org/attachment.cgi?id=9094626
1583445,https://bugzilla.mozilla.org/attachment.cgi?id=9094818
1584171,https://bugzilla.mozilla.org/attachment.cgi?id=9095487
1585642,https://bugzilla.mozilla.org/attachment.cgi?id=9098241
1586304,https://bugzilla.mozilla.org/attachment.cgi?id=9098858
1586998,https://bugzilla.mozilla.org/attachment.cgi?id=9099461
1587927,https://bugzilla.mozilla.org/attachment.cgi?id=9105777
1590362,https://bugzilla.mozilla.org/attachment.cgi?id=9103220
1590362,https://bugzilla.mozilla.org/attachment.cgi?id=9103222
1593467,https://bugzilla.mozilla.org/attachment.cgi?id=9174373
1593467,https://bugzilla.mozilla.org/attachment.cgi?id=9174374
1594992,https://bugzilla.mozilla.org/attachment.cgi?id=9107428
1596088,https://bugzilla.mozilla.org/attachment.cgi?id=9108389
1597060,https://bugzilla.mozilla.org/attachment.cgi?id=9109229
1597784,https://bugzilla.mozilla.org/attachment.cgi?id=9110056
1597902,https://bugzilla.mozilla.org/attachment.cgi?id=9110171
1598242,https://bugzilla.mozilla.org/attachment.cgi?id=9110466
1598717,https://bugzilla.mozilla.org/attachment.cgi?id=9113720
1600397,https://bugzilla.mozilla.org/attachment.cgi?id=9155251
1602332,https://bugzilla.mozilla.org/attachment.cgi?id=9124242
1602673,https://bugzilla.mozilla.org/attachment.cgi?id=9114801
1602674,https://bugzilla.mozilla.org/attachment.cgi?id=9114803
1604043,https://bugzilla.mozilla.org/attachment.cgi?id=9131423
1604430,https://bugzilla.mozilla.org/attachment.cgi?id=9116340
1604452,https://bugzilla.mozilla.org/attachment.cgi?id=9116360
1604452,https://bugzilla.mozilla.org/attachment.cgi?id=9116361
1604472,https://bugzilla.mozilla.org/attachment.cgi?id=9116376
1605007,https://bugzilla.mozilla.org/attachment.cgi?id=9116910
1605623,https://bugzilla.mozilla.org/attachment.cgi?id=9117531
1605623,https://bugzilla.mozilla.org/attachment.cgi?id=9117532
1606152,https://bugzilla.mozilla.org/attachment.cgi?id=9117919
1607337,https://bugzilla.mozilla.org/attachment.cgi?id=9118960
1608607,https://bugzilla.mozilla.org/attachment.cgi?id=9120219
1608661,https://bugzilla.mozilla.org/attachment.cgi?id=9120286
1609470,https://bugzilla.mozilla.org/attachment.cgi?id=9121090
1609472,https://bugzilla.mozilla.org/attachment.cgi?id=9121094
1610539,https://bugzilla.mozilla.org/attachment.cgi?id=9122063
1610867,https://bugzilla.mozilla.org/attachment.cgi?id=9122393
1611900,https://bugzilla.mozilla.org/attachment.cgi?id=9123285
1612082,https://bugzilla.mozilla.org/attachment.cgi?id=9123494
1612136,https://bugzilla.mozilla.org/attachment.cgi?id=9123524
1612161,https://bugzilla.mozilla.org/attachment.cgi?id=9123539
1612255,https://bugzilla.mozilla.org/attachment.cgi?id=9136014
1612342,https://bugzilla.mozilla.org/attachment.cgi?id=9123689
1612361,https://bugzilla.mozilla.org/attachment.cgi?id=9123702
1613145,https://bugzilla.mozilla.org/attachment.cgi?id=9124274
1613160,https://bugzilla.mozilla.org/attachment.cgi?id=9124295
1614380,https://bugzilla.mozilla.org/attachment.cgi?id=9125555
1614631,https://bugzilla.mozilla.org/attachment.cgi?id=9125801
1614920,https://bugzilla.mozilla.org/attachment.cgi?id=9126081
1614920,https://bugzilla.mozilla.org/attachment.cgi?id=9165327
1614927,https://bugzilla.mozilla.org/attachment.cgi?id=9126090
1614953,https://bugzilla.mozilla.org/attachment.cgi?id=9126114
1615220,https://bugzilla.mozilla.org/attachment.cgi?id=9126350
1615220,https://bugzilla.mozilla.org/attachment.cgi?id=9126351
1616260,https://bugzilla.mozilla.org/attachment.cgi?id=9127269
1616523,https://bugzilla.mozilla.org/attachment.cgi?id=9127507
1616523,https://bugzilla.mozilla.org/attachment.cgi?id=9127510
1616586,https://bugzilla.mozilla.org/attachment.cgi?id=9127576
1616779,https://bugzilla.mozilla.org/attachment.cgi?id=9127782
1616787,https://bugzilla.mozilla.org/attachment.cgi?id=9127787
1617473,https://bugzilla.mozilla.org/attachment.cgi?id=9128396
1617473,https://bugzilla.mozilla.org/attachment.cgi?id=9128397
1617843,https://bugzilla.mozilla.org/attachment.cgi?id=9128736
1618221,https://bugzilla.mozilla.org/attachment.cgi?id=9129163
1618534,https://bugzilla.mozilla.org/attachment.cgi?id=9129491
1618899,https://bugzilla.mozilla.org/attachment.cgi?id=9136230
1622295,https://bugzilla.mozilla.org/attachment.cgi?id=9133212
1625979,https://bugzilla.mozilla.org/attachment.cgi?id=9138052
1626426,https://bugzilla.mozilla.org/attachment.cgi?id=9137278
1626579,https://bugzilla.mozilla.org/attachment.cgi?id=9137412
1626599,https://bugzilla.mozilla.org/attachment.cgi?id=9137434
1627651,https://bugzilla.mozilla.org/attachment.cgi?id=9138507
1627658,https://bugzilla.mozilla.org/attachment.cgi?id=9138514
1629546,https://bugzilla.mozilla.org/attachment.cgi?id=9140134
1630191,https://bugzilla.mozilla.org/attachment.cgi?id=9140695
1630194,https://bugzilla.mozilla.org/attachment.cgi?id=9140701
1630194,https://bugzilla.mozilla.org/attachment.cgi?id=9141973
1630556,https://bugzilla.mozilla.org/attachment.cgi?id=9140967
1630614,https://bugzilla.mozilla.org/attachment.cgi?id=9141001
1631730,https://bugzilla.mozilla.org/attachment.cgi?id=9142010
1631733,https://bugzilla.mozilla.org/attachment.cgi?id=9142007
1632077,https://bugzilla.mozilla.org/attachment.cgi?id=9142291
1632785,https://bugzilla.mozilla.org/attachment.cgi?id=9143010
1632810,https://bugzilla.mozilla.org/attachment.cgi?id=9143057
1633272,https://bugzilla.mozilla.org/attachment.cgi?id=9154787
1633307,https://bugzilla.mozilla.org/attachment.cgi?id=9148274
1633351,https://bugzilla.mozilla.org/attachment.cgi?id=9143559
1633351,https://bugzilla.mozilla.org/attachment.cgi?id=9143617
1633383,https://bugzilla.mozilla.org/attachment.cgi?id=9143620
1633684,https://bugzilla.mozilla.org/attachment.cgi?id=9143893
1633706,https://bugzilla.mozilla.org/attachment.cgi?id=9143919
1636001,https://bugzilla.mozilla.org/attachment.cgi?id=9146374
1636897,https://bugzilla.mozilla.org/attachment.cgi?id=9147217
1636968,https://bugzilla.mozilla.org/attachment.cgi?id=9147277
1637187,https://bugzilla.mozilla.org/attachment.cgi?id=9147551
1638297,https://bugzilla.mozilla.org/attachment.cgi?id=9149348
1638843,https://bugzilla.mozilla.org/attachment.cgi?id=9149854
1638843,https://bugzilla.mozilla.org/attachment.cgi?id=9149857
1639737,https://bugzilla.mozilla.org/attachment.cgi?id=9150631
1639738,https://bugzilla.mozilla.org/attachment.cgi?id=9150632
1640508,https://bugzilla.mozilla.org/attachment.cgi?id=9151365
1640838,https://bugzilla.mozilla.org/attachment.cgi?id=9151682
1642059,https://bugzilla.mozilla.org/attachment.cgi?id=9158098
1642059,https://bugzilla.mozilla.org/attachment.cgi?id=9158104
1642059,https://bugzilla.mozilla.org/attachment.cgi?id=9160013
1642060,https://bugzilla.mozilla.org/attachment.cgi?id=9154538
1642060,https://bugzilla.mozilla.org/attachment.cgi?id=9166224
1645733,https://bugzilla.mozilla.org/attachment.cgi?id=9156622
1645735,https://bugzilla.mozilla.org/attachment.cgi?id=9156626
1645735,https://bugzilla.mozilla.org/attachment.cgi?id=9161896
1645736,https://bugzilla.mozilla.org/attachment.cgi?id=9156627
1645737,https://bugzilla.mozilla.org/attachment.cgi?id=9156630
1645738,https://bugzilla.mozilla.org/attachment.cgi?id=9156638
1645772,https://bugzilla.mozilla.org/attachment.cgi?id=9156675
1646531,https://bugzilla.mozilla.org/attachment.cgi?id=9160638
1647381,https://bugzilla.mozilla.org/attachment.cgi?id=9158285
1647381,https://bugzilla.mozilla.org/attachment.cgi?id=9158286
1647652,https://bugzilla.mozilla.org/attachment.cgi?id=9158449
1647934,https://bugzilla.mozilla.org/attachment.cgi?id=9178187
1648551,https://bugzilla.mozilla.org/attachment.cgi?id=9166227
1650961,https://bugzilla.mozilla.org/attachment.cgi?id=9163703
1651123,https://bugzilla.mozilla.org/attachment.cgi?id=9168482
1651572,https://bugzilla.mozilla.org/attachment.cgi?id=9162666
1651572,https://bugzilla.mozilla.org/attachment.cgi?id=9162670
1651945,https://bugzilla.mozilla.org/attachment.cgi?id=9162731
1651945,https://bugzilla.mozilla.org/attachment.cgi?id=9162732
1652715,https://bugzilla.mozilla.org/attachment.cgi?id=9163461
1652715,https://bugzilla.mozilla.org/attachment.cgi?id=9163748
1652715,https://bugzilla.mozilla.org/attachment.cgi?id=9165901
1652716,https://bugzilla.mozilla.org/attachment.cgi?id=9163464
1652720,https://bugzilla.mozilla.org/attachment.cgi?id=9163466
1652720,https://bugzilla.mozilla.org/attachment.cgi?id=9163993
1652720,https://bugzilla.mozilla.org/attachment.cgi?id=9163994
1652747,https://bugzilla.mozilla.org/attachment.cgi?id=9163486
1653542,https://bugzilla.mozilla.org/attachment.cgi?id=9164300
1653856,https://bugzilla.mozilla.org/attachment.cgi?id=9164706
1653856,https://bugzilla.mozilla.org/attachment.cgi?id=9165890
1653915,https://bugzilla.mozilla.org/attachment.cgi?id=9164653
1653945,https://bugzilla.mozilla.org/attachment.cgi?id=9164664
1653971,https://bugzilla.mozilla.org/attachment.cgi?id=9164703
1654466,https://bugzilla.mozilla.org/attachment.cgi?id=9165293
1654508,https://bugzilla.mozilla.org/attachment.cgi?id=9165348
1655010,https://bugzilla.mozilla.org/attachment.cgi?id=9165864
1655166,https://bugzilla.mozilla.org/attachment.cgi?id=9165993
1655407,https://bugzilla.mozilla.org/attachment.cgi?id=9166220
1655407,https://bugzilla.mozilla.org/attachment.cgi?id=9166221
1655407,https://bugzilla.mozilla.org/attachment.cgi?id=9166222
1657581,https://bugzilla.mozilla.org/attachment.cgi?id=9168432
1657590,https://bugzilla.mozilla.org/attachment.cgi?id=9168450
1657590,https://bugzilla.mozilla.org/attachment.cgi?id=9169979
1657639,https://bugzilla.mozilla.org/attachment.cgi?id=9168507
1657657,https://bugzilla.mozilla.org/attachment.cgi?id=9168519
1657840,https://bugzilla.mozilla.org/attachment.cgi?id=9168722
1657840,https://bugzilla.mozilla.org/attachment.cgi?id=9169558
1657861,https://bugzilla.mozilla.org/attachment.cgi?id=9168741
1657872,https://bugzilla.mozilla.org/attachment.cgi?id=9168747
1657887,https://bugzilla.mozilla.org/attachment.cgi?id=9168762
1657900,https://bugzilla.mozilla.org/attachment.cgi?id=9168770
1657914,https://bugzilla.mozilla.org/attachment.cgi?id=9168786
1658031,https://bugzilla.mozilla.org/attachment.cgi?id=9169089
1659099,https://bugzilla.mozilla.org/attachment.cgi?id=9170021
1659207,https://bugzilla.mozilla.org/attachment.cgi?id=9170126
1659486,https://bugzilla.mozilla.org/attachment.cgi?id=9170413
1659655,https://bugzilla.mozilla.org/attachment.cgi?id=9170604
1659662,https://bugzilla.mozilla.org/attachment.cgi?id=9170612
1659664,https://bugzilla.mozilla.org/attachment.cgi?id=9170613
1659698,https://bugzilla.mozilla.org/attachment.cgi?id=9170645
1659907,https://bugzilla.mozilla.org/attachment.cgi?id=9170864
1660222,https://bugzilla.mozilla.org/attachment.cgi?id=9171175
1661225,https://bugzilla.mozilla.org/attachment.cgi?id=9172105
1661246,https://bugzilla.mozilla.org/attachment.cgi?id=9202305
1662431,https://bugzilla.mozilla.org/attachment.cgi?id=9173354
1662457,https://bugzilla.mozilla.org/attachment.cgi?id=9173370
1662741,https://bugzilla.mozilla.org/attachment.cgi?id=9173623
1662989,https://bugzilla.mozilla.org/attachment.cgi?id=9173838
1663794,https://bugzilla.mozilla.org/attachment.cgi?id=9174535
1663794,https://bugzilla.mozilla.org/attachment.cgi?id=9174545
1663866,https://bugzilla.mozilla.org/attachment.cgi?id=9174600
1664749,https://bugzilla.mozilla.org/attachment.cgi?id=9175471
1665159,https://bugzilla.mozilla.org/attachment.cgi?id=9175850
1666117,https://bugzilla.mozilla.org/attachment.cgi?id=9176753
1666739,https://bugzilla.mozilla.org/attachment.cgi?id=9181747
1667465,https://bugzilla.mozilla.org/attachment.cgi?id=9177952
909557,https://bugzilla.mozilla.org/attachment.cgi?id=8334181
1198978,https://bugzilla.mozilla.org/attachment.cgi?id=8653115
1435511,https://bugzilla.mozilla.org/attachment.cgi?id=8948134
1545432,https://bugzilla.mozilla.org/attachment.cgi?id=9059267
1562852,https://bugzilla.mozilla.org/attachment.cgi?id=9075327
1564833,https://bugzilla.mozilla.org/attachment.cgi?id=9077039
1610350,https://bugzilla.mozilla.org/attachment.cgi?id=9121881
1638660,https://bugzilla.mozilla.org/attachment.cgi?id=9149689
1644851,https://bugzilla.mozilla.org/attachment.cgi?id=9161384
1644851,https://bugzilla.mozilla.org/attachment.cgi?id=9163042
630537,https://bugzilla.mozilla.org/attachment.cgi?id=535715
664038,https://bugzilla.mozilla.org/attachment.cgi?id=539065
1623994,https://bugzilla.mozilla.org/attachment.cgi?id=9134779
902883,https://bugzilla.mozilla.org/attachment.cgi?id=8837984
902883,https://bugzilla.mozilla.org/attachment.cgi?id=8837985
951412,https://bugzilla.mozilla.org/attachment.cgi?id=8349043
966919,https://bugzilla.mozilla.org/attachment.cgi?id=8369341
975467,https://bugzilla.mozilla.org/attachment.cgi?id=8428349
997269,https://bugzilla.mozilla.org/attachment.cgi?id=8407632
1007989,https://bugzilla.mozilla.org/attachment.cgi?id=8419801
1090540,https://bugzilla.mozilla.org/attachment.cgi?id=8513003
1090540,https://bugzilla.mozilla.org/attachment.cgi?id=8513006
1138482,https://bugzilla.mozilla.org/attachment.cgi?id=8571606
1142354,https://bugzilla.mozilla.org/attachment.cgi?id=8576370
1142367,https://bugzilla.mozilla.org/attachment.cgi?id=8576378
1142398,https://bugzilla.mozilla.org/attachment.cgi?id=8576466
1149459,https://bugzilla.mozilla.org/attachment.cgi?id=8585987
1189163,https://bugzilla.mozilla.org/attachment.cgi?id=8642674
1206912,https://bugzilla.mozilla.org/attachment.cgi?id=8663901
1224315,https://bugzilla.mozilla.org/attachment.cgi?id=8771108
1224315,https://bugzilla.mozilla.org/attachment.cgi?id=8771109
1228700,https://bugzilla.mozilla.org/attachment.cgi?id=8693134
1235114,https://bugzilla.mozilla.org/attachment.cgi?id=8705765
1235666,https://bugzilla.mozilla.org/attachment.cgi?id=8722569
1239922,https://bugzilla.mozilla.org/attachment.cgi?id=8711892
1246827,https://bugzilla.mozilla.org/attachment.cgi?id=8717479
1256648,https://bugzilla.mozilla.org/attachment.cgi?id=8730682
1257816,https://bugzilla.mozilla.org/attachment.cgi?id=8732122
1266537,https://bugzilla.mozilla.org/attachment.cgi?id=8744419
1274305,https://bugzilla.mozilla.org/attachment.cgi?id=8754412
1285911,https://bugzilla.mozilla.org/attachment.cgi?id=8770995
1285911,https://bugzilla.mozilla.org/attachment.cgi?id=8771126
1285911,https://bugzilla.mozilla.org/attachment.cgi?id=8771128
1291631,https://bugzilla.mozilla.org/attachment.cgi?id=8777259
1324317,https://bugzilla.mozilla.org/attachment.cgi?id=8819702
1331312,https://bugzilla.mozilla.org/attachment.cgi?id=8827046
1331312,https://bugzilla.mozilla.org/attachment.cgi?id=8827048
1333123,https://bugzilla.mozilla.org/attachment.cgi?id=8829525
1344814,https://bugzilla.mozilla.org/attachment.cgi?id=8867102
1368070,https://bugzilla.mozilla.org/attachment.cgi?id=8873183
1368070,https://bugzilla.mozilla.org/attachment.cgi?id=8873188
1379415,https://bugzilla.mozilla.org/attachment.cgi?id=8884572
1387347,https://bugzilla.mozilla.org/attachment.cgi?id=8893696
1393109,https://bugzilla.mozilla.org/attachment.cgi?id=8900343
1393109,https://bugzilla.mozilla.org/attachment.cgi?id=8900345
1407912,https://bugzilla.mozilla.org/attachment.cgi?id=8917722
1407912,https://bugzilla.mozilla.org/attachment.cgi?id=9144541
1440839,https://bugzilla.mozilla.org/attachment.cgi?id=8953691
1449222,https://bugzilla.mozilla.org/attachment.cgi?id=8962747
1463363,https://bugzilla.mozilla.org/attachment.cgi?id=8979439
1463450,https://bugzilla.mozilla.org/attachment.cgi?id=8979598
1468700,https://bugzilla.mozilla.org/attachment.cgi?id=8985320
1469558,https://bugzilla.mozilla.org/attachment.cgi?id=8986170
1476909,https://bugzilla.mozilla.org/attachment.cgi?id=8993309
1490233,https://bugzilla.mozilla.org/attachment.cgi?id=9007992
1527268,https://bugzilla.mozilla.org/attachment.cgi?id=9046414
1531755,https://bugzilla.mozilla.org/attachment.cgi?id=9047696
1540946,https://bugzilla.mozilla.org/attachment.cgi?id=9055048
1552291,https://bugzilla.mozilla.org/attachment.cgi?id=9087166
1556270,https://bugzilla.mozilla.org/attachment.cgi?id=9079803
1559236,https://bugzilla.mozilla.org/attachment.cgi?id=9071991
1559236,https://bugzilla.mozilla.org/attachment.cgi?id=9134537
1560955,https://bugzilla.mozilla.org/attachment.cgi?id=9073549
1562183,https://bugzilla.mozilla.org/attachment.cgi?id=9074749
1571557,https://bugzilla.mozilla.org/attachment.cgi?id=9083152
1571557,https://bugzilla.mozilla.org/attachment.cgi?id=9083153
1571756,https://bugzilla.mozilla.org/attachment.cgi?id=9093385
1581592,https://bugzilla.mozilla.org/attachment.cgi?id=9093216
1606098,https://bugzilla.mozilla.org/attachment.cgi?id=9118526
1613684,https://bugzilla.mozilla.org/attachment.cgi?id=9124759
1616259,https://bugzilla.mozilla.org/attachment.cgi?id=9127268
1616308,https://bugzilla.mozilla.org/attachment.cgi?id=9159155
1616528,https://bugzilla.mozilla.org/attachment.cgi?id=9127512
1616528,https://bugzilla.mozilla.org/attachment.cgi?id=9168845
1616588,https://bugzilla.mozilla.org/attachment.cgi?id=9127647
1631212,https://bugzilla.mozilla.org/attachment.cgi?id=9141496
1633518,https://bugzilla.mozilla.org/attachment.cgi?id=9143757
1644776,https://bugzilla.mozilla.org/attachment.cgi?id=9155696
1651203,https://bugzilla.mozilla.org/attachment.cgi?id=9163308
1660117,https://bugzilla.mozilla.org/attachment.cgi?id=9171063
1660117,https://bugzilla.mozilla.org/attachment.cgi?id=9171064
1660117,https://bugzilla.mozilla.org/attachment.cgi?id=9171065
1199056,https://bugzilla.mozilla.org/attachment.cgi?id=8733352
1246349,https://bugzilla.mozilla.org/attachment.cgi?id=8716581
1246349,https://bugzilla.mozilla.org/attachment.cgi?id=8716582
1247081,https://bugzilla.mozilla.org/attachment.cgi?id=8738550
1262542,https://bugzilla.mozilla.org/attachment.cgi?id=8740396
1291841,https://bugzilla.mozilla.org/attachment.cgi?id=8914865
1302406,https://bugzilla.mozilla.org/attachment.cgi?id=8790709
1302504,https://bugzilla.mozilla.org/attachment.cgi?id=8886125
1306030,https://bugzilla.mozilla.org/attachment.cgi?id=8795767
1343099,https://bugzilla.mozilla.org/attachment.cgi?id=8841796
1344754,https://bugzilla.mozilla.org/attachment.cgi?id=8845246
1365351,https://bugzilla.mozilla.org/attachment.cgi?id=8868229
1373776,https://bugzilla.mozilla.org/attachment.cgi?id=8888055
1374129,https://bugzilla.mozilla.org/attachment.cgi?id=8878959
1378459,https://bugzilla.mozilla.org/attachment.cgi?id=9079900
1378459,https://bugzilla.mozilla.org/attachment.cgi?id=9091287
1386309,https://bugzilla.mozilla.org/attachment.cgi?id=8892494
1387386,https://bugzilla.mozilla.org/attachment.cgi?id=8893755
1387615,https://bugzilla.mozilla.org/attachment.cgi?id=8893995
1400739,https://bugzilla.mozilla.org/attachment.cgi?id=8909156
1422361,https://bugzilla.mozilla.org/attachment.cgi?id=8933724
1422361,https://bugzilla.mozilla.org/attachment.cgi?id=8933725
1423817,https://bugzilla.mozilla.org/attachment.cgi?id=8935247
1423935,https://bugzilla.mozilla.org/attachment.cgi?id=8935403
1426405,https://bugzilla.mozilla.org/attachment.cgi?id=8938013
1434209,https://bugzilla.mozilla.org/attachment.cgi?id=8946586
1435473,https://bugzilla.mozilla.org/attachment.cgi?id=8948076
1439497,https://bugzilla.mozilla.org/attachment.cgi?id=8952297
1457477,https://bugzilla.mozilla.org/attachment.cgi?id=8972552
1459612,https://bugzilla.mozilla.org/attachment.cgi?id=8973664
1462266,https://bugzilla.mozilla.org/attachment.cgi?id=8976447
1463670,https://bugzilla.mozilla.org/attachment.cgi?id=8979853
1468519,https://bugzilla.mozilla.org/attachment.cgi?id=9006563
1483136,https://bugzilla.mozilla.org/attachment.cgi?id=8999841
1501892,https://bugzilla.mozilla.org/attachment.cgi?id=9019898
1512998,https://bugzilla.mozilla.org/attachment.cgi?id=9030259
1518863,https://bugzilla.mozilla.org/attachment.cgi?id=9035626
1520123,https://bugzilla.mozilla.org/attachment.cgi?id=9056926
1525125,https://bugzilla.mozilla.org/attachment.cgi?id=9045626
1525141,https://bugzilla.mozilla.org/attachment.cgi?id=9041291
1529582,https://bugzilla.mozilla.org/attachment.cgi?id=9045634
1537542,https://bugzilla.mozilla.org/attachment.cgi?id=9052399
1538025,https://bugzilla.mozilla.org/attachment.cgi?id=9052744
1539785,https://bugzilla.mozilla.org/attachment.cgi?id=9054175
1540531,https://bugzilla.mozilla.org/attachment.cgi?id=9054762
1540984,https://bugzilla.mozilla.org/attachment.cgi?id=9055983
1540984,https://bugzilla.mozilla.org/attachment.cgi?id=9058867
1540997,https://bugzilla.mozilla.org/attachment.cgi?id=9055084
1542732,https://bugzilla.mozilla.org/attachment.cgi?id=9056518
1549014,https://bugzilla.mozilla.org/attachment.cgi?id=9062681
1549014,https://bugzilla.mozilla.org/attachment.cgi?id=9062682
1556215,https://bugzilla.mozilla.org/attachment.cgi?id=9069209
1558301,https://bugzilla.mozilla.org/attachment.cgi?id=9071079
1562427,https://bugzilla.mozilla.org/attachment.cgi?id=9075510
1564198,https://bugzilla.mozilla.org/attachment.cgi?id=9076609
1565289,https://bugzilla.mozilla.org/attachment.cgi?id=9077449
1569403,https://bugzilla.mozilla.org/attachment.cgi?id=9081096
1583033,https://bugzilla.mozilla.org/attachment.cgi?id=9094452
1586554,https://bugzilla.mozilla.org/attachment.cgi?id=9100193
1586554,https://bugzilla.mozilla.org/attachment.cgi?id=9100194
1591040,https://bugzilla.mozilla.org/attachment.cgi?id=9104600
1595610,https://bugzilla.mozilla.org/attachment.cgi?id=9138685
1595610,https://bugzilla.mozilla.org/attachment.cgi?id=9139262
1624238,https://bugzilla.mozilla.org/attachment.cgi?id=9136155
1629436,https://bugzilla.mozilla.org/attachment.cgi?id=9141508
1629436,https://bugzilla.mozilla.org/attachment.cgi?id=9141509
1631217,https://bugzilla.mozilla.org/attachment.cgi?id=9141497
1633315,https://bugzilla.mozilla.org/attachment.cgi?id=9145190
1634240,https://bugzilla.mozilla.org/attachment.cgi?id=9147444
1634813,https://bugzilla.mozilla.org/attachment.cgi?id=9146046
1635459,https://bugzilla.mozilla.org/attachment.cgi?id=9150564
1635598,https://bugzilla.mozilla.org/attachment.cgi?id=9151287
1641030,https://bugzilla.mozilla.org/attachment.cgi?id=9153985
1641030,https://bugzilla.mozilla.org/attachment.cgi?id=9154562
1643886,https://bugzilla.mozilla.org/attachment.cgi?id=9158931
1645929,https://bugzilla.mozilla.org/attachment.cgi?id=9157910
1654532,https://bugzilla.mozilla.org/attachment.cgi?id=9165369
1656086,https://bugzilla.mozilla.org/attachment.cgi?id=9166915
1656086,https://bugzilla.mozilla.org/attachment.cgi?id=9166916
1656086,https://bugzilla.mozilla.org/attachment.cgi?id=9200007
1665380,https://bugzilla.mozilla.org/attachment.cgi?id=9176052
883153,https://bugzilla.mozilla.org/attachment.cgi?id=762893
1097525,https://bugzilla.mozilla.org/attachment.cgi?id=8521223
667869,https://bugzilla.mozilla.org/attachment.cgi?id=542418
770620,https://bugzilla.mozilla.org/attachment.cgi?id=638821
839234,https://bugzilla.mozilla.org/attachment.cgi?id=711485
897249,https://bugzilla.mozilla.org/attachment.cgi?id=780441
1120814,https://bugzilla.mozilla.org/attachment.cgi?id=8548647
1133888,https://bugzilla.mozilla.org/attachment.cgi?id=8565538
1157776,https://bugzilla.mozilla.org/attachment.cgi?id=8596647
1260211,https://bugzilla.mozilla.org/attachment.cgi?id=8735532
1507823,https://bugzilla.mozilla.org/attachment.cgi?id=9025685
605666,https://bugzilla.mozilla.org/attachment.cgi?id=484542
1272210,https://bugzilla.mozilla.org/attachment.cgi?id=8751592
1141743,https://bugzilla.mozilla.org/attachment.cgi?id=8575551
1281755,https://bugzilla.mozilla.org/attachment.cgi?id=8764540
1542617,https://bugzilla.mozilla.org/attachment.cgi?id=9056406
1543162,https://bugzilla.mozilla.org/attachment.cgi?id=9056994
1543162,https://bugzilla.mozilla.org/attachment.cgi?id=9056998
1344306,https://bugzilla.mozilla.org/attachment.cgi?id=8843386
449117,https://bugzilla.mozilla.org/attachment.cgi?id=338943
610542,https://bugzilla.mozilla.org/attachment.cgi?id=489044
633135,https://bugzilla.mozilla.org/attachment.cgi?id=511333
649868,https://bugzilla.mozilla.org/attachment.cgi?id=525880
927818,https://bugzilla.mozilla.org/attachment.cgi?id=818404
948007,https://bugzilla.mozilla.org/attachment.cgi?id=8344762
948057,https://bugzilla.mozilla.org/attachment.cgi?id=8344808
988357,https://bugzilla.mozilla.org/attachment.cgi?id=8397437
1189856,https://bugzilla.mozilla.org/attachment.cgi?id=8641765
1265954,https://bugzilla.mozilla.org/attachment.cgi?id=8743102
1380044,https://bugzilla.mozilla.org/attachment.cgi?id=8887798
1380044,https://bugzilla.mozilla.org/attachment.cgi?id=8887799
1389666,https://bugzilla.mozilla.org/attachment.cgi?id=8896491
1389676,https://bugzilla.mozilla.org/attachment.cgi?id=8896502
1392578,https://bugzilla.mozilla.org/attachment.cgi?id=8899796
1396007,https://bugzilla.mozilla.org/attachment.cgi?id=8911297
1404444,https://bugzilla.mozilla.org/attachment.cgi?id=8913799
1555299,https://bugzilla.mozilla.org/attachment.cgi?id=9068347
1555682,https://bugzilla.mozilla.org/attachment.cgi?id=9068688
1555682,https://bugzilla.mozilla.org/attachment.cgi?id=9068922
1555700,https://bugzilla.mozilla.org/attachment.cgi?id=9068701
1555700,https://bugzilla.mozilla.org/attachment.cgi?id=9068702
1555728,https://bugzilla.mozilla.org/attachment.cgi?id=9068727
1576314,https://bugzilla.mozilla.org/attachment.cgi?id=9087893